,,female,male
math score,mean,63.65895953757225,68.72821576763485
math score,median,65.0,69.0
reading score,mean,72.63391136801542,65.47302904564316
reading score,median,73.0,66.0
writing score,mean,72.4932562620424,63.31120331950208
writing score,median,74.0,64.0
